[
  {
    "Constant" : [

    ],
    "submodules" : [

    ],
    "Function" : [

    ],
    "Variable" : [

    ],
    "stripped_doc" : [

    ],
    "Deprecated" : [

    ],
    "type" : "Module",
    "desc" : "A horizonal calendar inset into the desktop",
    "Constructor" : [

    ],
    "Field" : [

    ],
    "Method" : [

    ],
    "Command" : [

    ],
    "doc" : "A horizonal calendar inset into the desktop\n\nDownload: [https:\/\/github.com\/Hammerspoon\/Spoons\/raw\/master\/Spoons\/HCalendar.spoon.zip](https:\/\/github.com\/Hammerspoon\/Spoons\/raw\/master\/Spoons\/HCalendar.spoon.zip)",
    "items" : [

    ],
    "name" : "HCalendar"
  }
]